row_id,target
0-5,0.004273293
1-5,0.0050906227
